event_id,event_date,solar_flare_class,flare_intensity,geomagnetic_index_Kp,solar_wind_speed,solar_wind_density,flare_duration_minutes,power_grid_disruption
1,2018-10-01,X,96.25,4,558.43,12.62,10,2
2,2020-09-28,M,31.15,0,723.17,6.26,95,1
3,2020-03-15,C,23.93,0,626.27,7.81,44,1
4,2008-01-11,M,62.66,2,498.49,5.94,136,1
5,2022-03-30,M,37.73,0,505.02,18.03,86,1
6,2013-07-26,C,24.8,1,463.6,14.37,45,0
7,2004-03-08,M,69.01,1,690.06,5.38,126,2
8,2002-03-30,M,39.41,2,634.74,2.48,94,1
9,2012-04-01,C,19.18,2,316.94,10.91,172,0
10,2013-09-04,C,2.8,0,414.18,11.72,57,0
11,2020-09-17,C,14.36,0,638.72,7.22,32,0
12,2014-11-12,C,29.95,0,704.75,10.88,127,1
13,2015-03-16,C,29.06,0,323.87,2.69,151,0
14,2018-12-01,C,21.08,0,347.02,10.41,94,0
15,2016-01-30,X,75.9,1,481.83,18.47,49,1
16,2003-01-22,M,36.99,0,325.14,5.79,175,1
17,2017-01-01,C,10.97,1,622.44,15.97,93,0
18,2017-11-22,X,96.97,2,542.28,11.01,104,2
19,2010-11-18,C,22.98,1,457.59,4.61,24,0
20,2010-03-10,C,7.99,0,696.84,7.17,98,0
21,2009-07-09,C,19.99,1,403.03,4.92,17,0
22,2000-12-12,C,25.26,1,556.8,10.41,119,1
23,2016-06-19,C,15.89,1,440.16,6.19,18,0
24,2019-03-30,X,90.58,1,355.02,6.57,68,2
25,2024-06-22,C,20.0,0,605.63,3.63,105,1
26,2017-12-30,C,11.49,1,477.52,11.72,152,0
27,2000-02-17,C,3.07,0,320.04,17.23,58,0
28,2015-01-23,C,26.9,0,554.54,2.69,64,1
29,2012-10-19,C,9.74,0,445.04,0.29,138,0
30,2021-10-08,C,25.53,0,450.15,-0.28,28,0
31,2016-10-02,C,23.86,0,558.58,12.2,160,1
32,2002-01-05,M,50.62,2,397.44,5.82,145,1
33,2004-10-14,C,20.92,1,653.81,5.93,60,1
34,2000-07-21,M,59.1,0,420.85,8.95,32,1
35,2023-03-31,X,98.64,1,592.6,10.05,50,2
36,2005-09-19,C,18.7,0,422.05,-1.49,116,0
37,2003-10-19,X,75.76,1,453.78,7.63,132,1
38,2009-01-19,C,14.7,0,483.53,8.89,147,0
39,2011-03-12,X,85.43,2,446.75,8.06,153,2
40,2018-01-25,C,25.43,0,565.85,10.9,23,0
41,2006-10-19,C,13.4,0,494.74,6.67,99,0
42,2023-06-20,M,50.31,2,510.59,23.05,108,1
43,2010-12-31,C,24.14,0,513.43,13.65,165,1
44,2017-04-19,C,5.43,1,662.89,9.09,167,0
45,2007-12-02,M,47.02,0,478.93,19.91,26,1
46,2014-10-14,C,3.2,0,546.79,7.76,173,0
47,2013-04-19,M,44.18,2,552.7,10.02,13,1
48,2012-05-13,C,9.15,0,441.91,8.24,42,0
49,2017-08-16,M,62.81,1,484.5,7.37,103,1
50,2002-03-15,X,85.46,1,442.07,6.25,30,2
51,2010-10-09,M,41.74,0,465.04,14.94,125,1
52,2009-04-17,M,59.56,1,565.16,7.23,42,1
53,2022-12-19,C,10.22,0,526.74,14.48,159,0
54,2015-09-17,C,21.07,0,663.86,6.05,127,1
55,2024-03-09,M,43.67,2,587.04,9.44,175,1
56,2013-12-12,C,2.85,0,419.47,12.31,64,0
57,2018-03-27,C,9.51,0,441.25,16.58,168,0
58,2013-03-31,X,87.47,2,608.36,16.99,31,2
59,2017-01-12,C,2.56,0,338.78,12.9,16,0
60,2019-11-20,C,3.69,0,410.42,6.83,68,0
61,2016-03-01,X,81.52,0,284.93,1.46,158,1
62,2005-11-01,C,4.93,1,597.75,6.04,152,0
63,2016-04-07,X,93.8,3,410.47,16.73,72,2
64,2001-12-06,M,61.47,2,363.63,12.51,139,1
65,2004-01-18,M,44.33,0,427.48,19.59,101,1
66,2022-06-26,C,6.35,0,382.07,11.88,14,0
67,2010-09-22,C,27.29,0,721.54,8.63,23,1
68,2024-06-10,C,11.53,1,564.91,11.36,95,0
69,2021-05-17,M,58.54,1,475.21,5.5,152,1
70,2001-11-24,M,39.08,1,562.76,12.68,101,1
71,2007-10-14,M,32.72,2,466.72,13.42,106,1
72,2014-02-26,M,31.99,0,469.28,9.96,158,1
73,2021-03-05,C,21.77,1,328.12,10.92,88,0
74,2008-02-27,C,1.04,0,717.84,10.52,126,0
75,2016-05-13,C,19.09,0,528.3,10.85,131,0
76,2011-05-11,C,28.04,1,486.26,15.25,47,0
77,2017-07-13,M,52.96,2,520.17,9.83,65,1
78,2004-01-29,C,28.98,2,362.19,9.67,71,0
79,2018-06-30,M,31.77,2,450.85,13.03,63,1
80,2011-07-30,M,31.85,0,408.35,15.22,147,1
81,2007-08-30,C,9.46,0,360.91,8.6,38,0
82,2012-05-31,C,17.01,1,520.73,6.69,90,0
83,2018-12-26,C,7.93,1,512.2,11.26,138,0
84,2012-02-12,C,26.52,1,396.22,18.06,116,0
85,2021-01-30,M,53.6,2,618.05,7.32,69,1
86,2009-08-12,C,3.88,0,637.23,9.14,144,0
87,2013-12-12,M,68.29,4,494.03,5.86,51,1
88,2019-01-12,C,28.83,2,452.32,5.33,70,0
89,2002-04-20,M,62.33,1,486.83,12.9,24,1
90,2019-04-11,C,26.85,1,524.15,12.93,129,1
91,2021-07-18,C,10.03,0,523.57,12.23,90,0
92,2005-07-10,C,9.82,1,395.64,11.18,168,0
93,2022-12-30,C,23.31,0,448.25,7.99,37,0
94,2001-04-18,X,82.92,1,481.07,9.07,174,2
95,2017-01-13,M,41.8,2,445.93,15.5,92,1
96,2005-11-24,M,61.22,1,509.0,9.1,17,1
97,2018-09-25,M,51.53,2,409.29,10.28,153,1
98,2016-10-14,C,18.49,0,639.07,-3.12,88,1
99,2021-09-17,M,60.4,2,529.68,7.89,10,1
100,2002-12-01,C,28.01,2,458.52,9.5,86,0
101,2016-01-23,M,51.14,0,562.12,11.35,176,1
102,2000-12-21,M,53.3,1,534.64,6.36,25,1
103,2001-12-23,C,17.68,0,273.74,12.55,143,0
104,2015-12-04,X,90.38,2,497.79,12.59,158,2
105,2007-03-28,C,24.27,1,588.49,14.47,127,1
106,2017-09-29,M,41.81,0,419.81,4.53,144,1
107,2007-08-20,C,6.09,2,514.73,21.82,111,0
108,2022-08-08,C,17.23,3,555.84,13.96,126,0
109,2018-08-05,M,44.87,0,434.13,11.97,48,1
110,2014-04-03,C,10.28,2,528.65,5.07,94,0
111,2012-10-08,C,28.86,0,721.09,12.87,57,1
112,2012-12-25,C,19.2,1,593.08,8.24,36,0
113,2000-02-23,X,94.63,2,379.12,2.85,16,2
114,2016-09-01,X,76.81,1,454.3,8.49,119,1
115,2004-12-10,C,20.78,0,524.69,10.28,7,0
116,2011-06-30,X,75.2,1,576.47,8.15,74,2
117,2015-02-05,C,3.89,0,314.91,-0.97,92,0
118,2022-08-24,X,79.54,1,523.7,8.96,93,2
119,2010-12-18,C,27.28,0,432.29,8.77,82,0
120,2010-06-01,M,39.1,1,491.61,16.91,58,1
121,2018-07-25,C,6.06,0,493.99,-1.92,118,0
122,2004-01-24,C,6.82,1,406.72,20.01,124,0
123,2011-10-05,M,64.79,2,684.21,3.02,22,1
124,2016-01-02,C,3.34,0,682.98,5.02,45,0
125,2007-07-28,C,21.39,0,382.28,12.33,112,0
126,2011-04-16,X,94.74,3,504.28,14.93,43,2
127,2002-03-28,M,48.3,1,451.96,3.81,179,1
128,2019-03-13,C,17.94,1,475.22,6.84,61,0
129,2024-03-10,M,64.43,2,702.86,9.96,21,1
130,2023-09-19,M,34.02,2,677.13,11.17,164,1
131,2011-04-03,M,50.1,0,535.16,5.64,128,1
132,2018-10-23,M,46.87,2,594.72,4.18,124,1
133,2013-03-13,M,62.45,1,573.67,20.07,33,1
134,2015-07-14,C,4.85,0,413.86,7.76,130,0
135,2004-04-05,C,6.91,0,521.08,10.95,131,0
136,2012-10-13,X,89.71,3,473.64,13.38,124,2
137,2024-08-10,M,45.19,1,488.83,10.46,29,1
138,2017-03-15,C,8.86,0,544.13,4.3,25,0
139,2015-11-25,C,24.21,2,411.33,14.7,38,0
140,2016-10-31,C,4.19,1,482.13,10.33,28,0
141,2000-09-27,X,81.66,1,280.23,8.52,100,1
142,2001-02-01,M,57.31,2,589.05,16.43,7,1
143,2013-02-27,C,29.48,1,537.72,2.76,123,1
144,2023-10-21,C,5.42,0,418.41,16.42,164,0
145,2022-03-11,C,10.37,0,429.2,11.91,91,0
146,2024-05-13,X,71.73,2,563.3,11.57,28,1
147,2008-11-20,X,75.79,1,349.07,0.96,149,1
148,2020-03-30,X,99.13,3,625.0,15.04,60,2
149,2003-08-22,C,8.96,0,435.06,9.66,135,0
150,2020-08-09,M,60.5,1,489.59,6.37,41,1
151,2012-08-22,M,32.52,0,597.51,9.12,24,1
152,2020-08-04,C,5.02,0,568.35,10.09,20,0
153,2002-10-20,C,11.27,0,275.95,8.41,7,0
154,2006-05-29,C,4.34,0,522.45,5.1,96,0
155,2003-12-18,C,2.75,0,404.5,15.91,150,0
156,2011-11-28,X,88.23,0,289.02,3.93,80,1
157,2018-12-04,C,22.05,2,615.47,14.09,162,1
158,2008-12-12,M,63.33,0,381.96,14.59,33,1
159,2014-11-10,C,16.46,2,615.47,16.65,164,1
160,2023-06-03,C,11.46,0,267.26,5.2,65,0
161,2007-06-25,M,57.77,1,498.87,12.8,80,1
162,2022-01-21,M,49.06,2,444.93,13.51,165,1
163,2020-06-30,C,13.36,0,384.18,1.5,92,0
164,2015-09-10,M,43.82,0,521.52,9.45,167,1
165,2015-05-25,C,15.12,0,619.93,1.32,47,0
166,2014-09-27,M,34.42,1,614.07,8.19,47,1
167,2011-08-03,M,44.91,1,337.42,9.96,51,1
168,2008-02-28,C,5.32,0,420.88,7.18,8,0
169,2018-10-18,C,9.49,1,514.92,12.35,34,0
170,2020-03-20,M,42.34,0,591.04,4.1,178,1
171,2020-04-03,C,12.86,0,493.71,1.8,135,0
172,2018-10-17,X,83.31,2,458.37,8.98,82,2
173,2012-01-10,M,60.86,2,500.45,10.11,130,1
174,2016-07-29,M,48.49,2,657.44,13.69,17,1
175,2004-06-17,M,35.67,2,415.11,-6.22,52,1
176,2008-05-03,M,33.0,0,575.15,12.27,79,1
177,2021-11-22,X,80.86,1,347.46,5.78,111,1
178,2015-04-14,C,29.36,1,555.34,11.78,32,1
179,2005-07-09,M,54.67,1,410.27,5.36,83,1
180,2009-03-02,C,15.55,2,576.61,8.02,39,0
181,2003-03-07,C,17.32,1,382.44,9.72,25,0
182,2022-03-12,C,6.62,0,459.79,7.5,155,0
183,2004-09-05,X,91.68,4,647.65,2.53,48,2
184,2009-09-15,X,91.14,2,466.21,10.3,39,2
185,2012-12-01,C,15.91,1,453.85,4.61,14,0
186,2018-06-16,M,52.45,2,321.56,9.41,56,1
187,2024-06-29,C,21.35,0,656.19,6.28,50,1
188,2014-12-27,M,51.42,1,445.19,14.0,91,1
189,2006-02-18,M,53.63,1,489.51,7.27,128,1
190,2020-05-29,X,80.89,2,513.04,14.36,76,2
191,2011-12-24,M,38.98,0,665.97,3.69,36,1
192,2001-08-11,C,20.8,0,588.36,9.92,173,1
193,2017-09-18,M,64.53,2,633.22,14.06,67,1
194,2023-11-19,X,92.19,3,661.03,0.62,174,2
195,2021-11-18,X,95.8,1,447.61,8.43,61,2
196,2021-10-14,X,98.8,2,508.33,13.01,45,2
197,2004-06-10,M,58.3,1,482.86,2.22,26,1
198,2000-08-13,M,33.06,0,476.62,6.86,77,1
199,2019-08-30,X,97.07,4,647.69,8.95,63,2
200,2014-08-02,C,17.07,2,394.24,12.57,116,0
201,2017-05-01,M,58.43,0,679.23,6.0,10,1
202,2006-02-14,X,87.26,2,509.46,0.82,85,2
203,2021-09-02,C,23.13,2,433.04,4.75,54,0
204,2018-09-13,C,10.7,0,588.95,10.64,55,0
205,2014-05-25,C,3.13,0,509.4,8.46,20,0
206,2007-07-13,C,27.11,2,519.71,10.2,42,0
207,2004-06-11,C,4.09,0,576.4,6.6,154,0
208,2002-10-04,C,28.05,1,491.72,8.74,95,1
209,2024-06-05,M,53.09,1,501.91,5.34,60,1
210,2019-02-26,M,38.86,1,413.82,8.66,36,1
211,2006-09-02,M,54.2,1,412.81,4.57,41,1
212,2020-01-30,M,51.97,0,373.89,7.37,29,1
213,2006-08-30,C,2.9,0,454.01,14.48,132,0
214,2010-02-22,X,71.98,3,655.46,6.19,15,2
215,2009-04-17,C,22.04,0,527.5,14.61,144,1
216,2011-05-14,M,56.24,3,444.48,9.46,64,1
217,2011-07-10,X,88.49,2,404.31,8.55,91,2
218,2006-03-27,C,25.45,2,430.17,7.4,52,0
219,2013-10-13,M,50.31,2,467.6,4.46,94,1
220,2003-06-01,C,3.2,0,403.89,10.35,40,0
221,2020-01-03,C,8.23,0,451.27,3.11,85,0
222,2002-04-04,X,96.37,2,483.58,1.3,110,2
223,2000-10-30,C,2.52,1,509.61,6.71,107,0
224,2000-08-02,C,13.19,1,387.74,3.87,60,0
225,2009-04-19,C,20.19,1,479.94,7.89,110,0
226,2018-12-31,M,58.58,0,548.07,12.82,36,1
227,2015-04-03,C,25.17,3,694.54,-0.64,168,1
228,2007-01-23,C,19.77,0,470.69,0.37,130,0
229,2009-10-16,X,76.82,2,398.95,13.7,128,1
230,2005-09-24,C,29.62,3,513.23,13.79,125,1
231,2018-12-24,X,83.56,2,437.3,8.69,106,2
232,2002-04-29,M,35.85,0,319.82,7.23,155,1
233,2010-11-04,M,68.29,2,316.95,15.14,108,1
234,2010-08-17,C,14.46,1,405.16,5.16,114,0
235,2021-12-17,M,52.17,1,370.29,8.97,129,1
236,2002-06-30,C,4.43,2,537.47,8.07,167,0
237,2003-06-14,X,81.48,2,478.3,4.96,10,1
238,2024-02-07,C,25.43,0,588.52,5.85,123,1
239,2008-05-24,M,44.67,0,415.11,-0.43,22,1
240,2003-07-14,C,17.89,1,613.12,5.58,37,0
241,2021-07-22,M,53.13,2,441.21,19.02,18,1
242,2014-08-09,X,78.21,2,461.91,11.01,43,1
243,2013-12-25,M,56.72,2,519.71,9.75,155,1
244,2013-06-26,M,56.0,4,545.52,13.46,58,1
245,2007-01-04,C,16.76,2,589.67,16.65,159,1
246,2022-05-18,X,90.92,5,489.85,10.66,24,2
247,2023-08-29,M,49.91,2,780.84,14.41,164,1
248,2018-05-14,M,57.35,0,434.3,3.69,34,1
249,2002-06-18,M,52.49,2,613.88,4.03,157,1
250,2024-04-21,C,21.57,0,561.99,14.39,144,1
251,2002-02-20,M,59.61,3,590.72,1.86,123,1
252,2002-09-30,C,4.22,2,477.4,4.86,174,0
253,2005-01-02,C,15.29,2,397.48,18.58,127,0
254,2005-08-01,C,7.7,0,587.65,9.41,76,0
255,2006-01-23,C,16.3,1,288.33,12.9,61,0
256,2006-06-16,C,21.06,0,558.77,10.47,162,1
257,2003-03-25,X,95.72,1,555.53,15.16,121,2
258,2006-05-05,C,1.02,0,423.85,14.43,94,0
259,2019-10-26,C,18.66,2,443.28,7.69,32,0
260,2003-06-10,M,44.54,1,575.24,8.54,23,1
261,2004-07-14,X,87.55,3,617.96,10.08,37,2
262,2012-11-09,C,9.74,0,413.44,7.85,126,0
263,2012-04-28,X,88.42,4,608.88,11.93,92,2
264,2001-08-24,X,88.63,1,185.04,-1.09,149,1
265,2003-10-08,X,93.08,4,307.11,2.77,126,2
266,2016-08-03,M,52.29,1,276.91,11.56,177,1
267,2017-08-07,X,91.16,2,643.8,16.12,94,2
268,2008-06-16,C,9.77,0,411.0,12.3,81,0
269,2007-10-18,M,43.25,1,469.39,12.19,19,1
270,2003-06-10,M,43.92,2,516.0,3.14,179,1
271,2017-04-13,C,5.85,0,338.87,10.69,12,0
272,2019-03-23,C,2.59,0,527.92,1.9,15,0
273,2019-09-09,C,2.57,2,660.68,10.37,97,0
274,2012-09-19,M,31.86,0,557.37,9.25,83,1
275,2014-01-19,M,69.32,0,464.43,11.19,123,1
276,2019-10-28,X,75.3,1,434.55,12.99,101,1
277,2006-03-09,C,18.69,1,700.07,14.73,120,1
278,2011-04-27,C,2.24,0,268.39,8.2,144,0
279,2015-09-17,M,67.77,0,522.49,9.14,77,1
280,2014-11-07,M,42.18,0,458.94,1.63,147,1
281,2012-06-02,C,11.26,0,549.28,15.5,39,0
282,2004-05-15,X,78.7,1,511.23,18.93,103,2
283,2009-05-25,X,84.37,3,622.13,4.91,124,2
284,2006-09-09,C,28.93,0,477.38,8.72,67,0
285,2003-03-19,C,21.71,2,391.73,8.64,64,0
286,2008-03-03,M,62.83,2,626.03,14.03,47,1
287,2019-08-24,C,1.69,0,498.86,5.46,70,0
288,2012-05-08,X,85.03,2,454.89,9.7,37,2
289,2003-01-15,M,50.02,2,458.08,7.58,43,1
290,2023-02-08,X,87.15,2,541.55,16.44,152,2
291,2000-08-03,C,4.83,1,403.78,7.3,111,0
292,2006-06-14,M,43.89,1,668.44,18.59,176,1
293,2002-05-05,X,76.1,1,517.01,8.69,122,2
294,2012-03-06,M,33.85,3,500.26,6.66,31,1
295,2001-12-30,X,88.15,3,482.04,13.11,127,2
296,2010-10-19,C,3.78,0,538.91,0.67,161,0
297,2010-10-09,M,66.94,0,380.77,8.33,123,1
298,2017-09-10,M,35.44,1,595.44,15.64,45,1
299,2013-10-08,C,24.03,0,593.33,11.99,127,1
300,2006-09-15,X,86.34,3,612.47,11.71,98,2
301,2021-07-22,C,24.98,0,387.96,22.13,12,0
302,2010-12-30,M,65.9,2,403.63,10.25,123,1
303,2017-03-20,X,94.46,1,625.8,5.31,67,2
304,2009-10-18,C,16.48,1,534.06,6.0,45,0
305,2000-08-23,C,18.7,1,424.26,7.2,91,0
306,2011-06-21,X,78.57,2,675.31,10.38,178,2
307,2020-04-10,C,4.81,1,420.45,12.72,167,0
308,2019-02-04,C,27.59,1,540.74,13.75,30,0
309,2008-05-24,X,74.72,0,481.51,-0.7,82,1
310,2002-08-09,X,80.11,3,492.73,11.22,103,2
311,2010-03-03,X,85.56,2,337.51,5.48,36,1
312,2024-07-21,C,25.38,2,418.38,14.59,73,0
313,2012-09-03,C,10.64,0,535.9,6.23,122,0
314,2005-03-25,C,3.89,0,441.87,4.98,143,0
315,2023-10-27,C,17.5,1,563.87,11.19,27,0
316,2012-02-10,M,37.86,0,489.11,8.89,170,1
317,2023-10-10,C,19.41,0,263.17,14.36,139,0
318,2007-03-26,M,41.89,0,494.16,7.57,135,1
319,2015-06-30,X,74.44,2,460.44,8.92,44,1
320,2004-08-03,X,96.13,1,375.73,6.91,67,2
321,2018-09-16,M,45.13,0,631.51,2.35,100,1
322,2011-10-25,C,23.28,2,374.24,2.98,119,0
323,2001-09-29,M,46.05,2,568.41,12.72,59,1
324,2016-09-06,C,3.6,0,479.39,14.33,93,0
325,2014-08-14,X,88.67,2,462.01,9.4,83,2
326,2001-02-08,X,93.93,4,525.67,5.23,22,2
327,2003-01-23,M,37.28,1,436.48,13.79,6,1
328,2013-02-10,C,25.88,1,741.14,6.61,15,1
329,2015-05-01,X,73.42,3,516.06,8.04,61,1
330,2005-01-21,C,7.83,2,597.04,7.44,57,0
331,2024-06-03,C,13.13,2,655.37,9.61,88,0
332,2006-05-01,M,62.17,1,496.14,5.75,51,1
333,2018-12-28,C,26.89,0,535.22,5.98,158,1
334,2018-06-19,C,9.56,1,459.91,11.4,170,0
335,2012-12-30,M,56.67,2,557.53,9.64,42,1
336,2020-03-28,C,7.54,0,450.94,-1.39,75,0
337,2008-01-08,X,74.77,2,467.12,6.1,11,1
338,2020-11-15,M,36.05,1,425.11,14.42,82,1
339,2003-06-12,C,23.35,4,527.06,16.08,116,1
340,2018-10-09,M,50.48,2,565.54,2.43,6,1
341,2021-03-28,C,6.74,0,428.8,4.62,67,0
342,2022-10-15,M,51.46,4,543.68,2.38,83,1
343,2000-06-03,C,4.73,0,381.3,11.39,72,0
344,2001-12-05,M,34.66,1,552.31,5.11,80,1
345,2023-03-28,M,45.68,1,494.08,14.51,156,1
346,2003-10-01,X,87.12,2,487.48,8.5,27,2
347,2004-11-22,M,65.54,1,689.25,11.87,140,2
348,2009-04-07,M,31.94,0,664.01,11.47,35,1
349,2016-09-03,C,26.97,2,463.16,4.96,12,0
350,2001-09-07,M,46.05,3,575.37,15.22,125,1
351,2011-02-25,C,25.12,0,457.12,9.77,76,0
352,2020-06-08,M,54.66,2,639.26,10.17,42,1
353,2007-05-04,X,75.9,3,506.7,11.84,79,2
354,2021-04-14,M,39.99,0,519.43,9.09,167,1
355,2009-03-28,M,61.01,1,333.41,14.34,87,1
356,2018-12-05,C,20.22,0,630.2,10.6,119,1
357,2023-04-23,C,8.88,0,425.28,8.65,62,0
358,2000-02-20,M,44.79,0,369.87,6.6,30,1
359,2001-01-17,C,12.44,0,379.95,8.25,180,0
360,2021-10-09,M,66.24,0,516.01,5.35,104,1
361,2016-05-11,M,39.68,1,521.74,13.16,64,1
362,2004-10-07,M,47.09,1,410.15,9.09,78,1
363,2011-03-26,X,80.51,1,497.85,12.98,166,2
364,2010-04-05,C,1.66,0,434.87,10.5,47,0
365,2008-01-30,X,79.61,1,460.57,6.96,163,2
366,2010-10-06,M,42.15,0,505.81,9.61,116,1
367,2007-04-03,C,24.94,0,342.87,7.73,48,0
368,2002-10-04,C,4.04,0,415.09,13.57,6,0
369,2024-04-11,C,5.75,1,569.56,17.32,89,0
370,2018-09-11,M,59.47,3,508.42,11.67,141,1
371,2007-05-05,M,65.49,2,419.95,12.42,114,1
372,2016-01-30,C,26.37,1,456.6,9.11,153,1
373,2001-06-01,C,4.6,0,380.91,13.82,33,0
374,2020-05-12,C,1.75,0,560.07,14.08,173,0
375,2016-07-28,M,36.09,0,448.56,15.49,38,1
376,2017-07-30,C,11.06,1,372.71,10.73,9,0
377,2002-04-20,C,7.36,2,583.73,11.77,142,0
378,2014-02-12,C,11.14,1,552.28,17.44,64,0
379,2007-09-11,M,31.91,1,601.74,18.53,122,1
380,2020-11-29,X,97.33,1,466.66,7.71,121,2
381,2021-03-22,C,16.02,1,493.77,5.21,157,0
382,2007-09-17,M,59.31,2,422.82,3.11,16,1
383,2021-05-13,X,80.75,2,543.64,14.15,151,2
384,2013-12-08,X,96.23,1,381.48,13.46,38,2
385,2024-02-18,C,7.3,1,379.34,10.44,141,0
386,2019-10-29,C,8.55,1,481.6,13.03,165,0
387,2018-02-04,C,6.21,2,535.69,15.69,80,0
388,2004-11-11,C,24.79,1,574.67,12.65,77,1
389,2005-09-10,C,26.19,0,479.73,9.87,35,0
390,2024-03-24,M,39.55,2,627.96,7.22,149,1
391,2023-12-26,C,13.75,0,478.28,2.17,164,0
392,2016-01-25,C,21.85,0,445.92,11.18,164,0
393,2004-04-20,C,23.26,0,528.19,7.79,51,0
394,2007-06-17,C,27.5,0,542.73,8.99,110,1
395,2007-03-01,M,32.11,2,526.67,7.57,124,1
396,2004-09-02,C,15.18,2,524.86,4.22,83,0
397,2008-01-01,X,76.49,0,548.0,22.84,17,1
398,2008-12-01,M,36.95,0,498.35,9.95,139,1
399,2008-03-30,M,64.49,2,605.23,14.17,165,2
400,2019-06-09,C,14.63,0,594.83,6.3,52,0
401,2018-04-19,C,5.68,0,471.6,6.06,140,0
402,2013-11-08,C,5.13,0,455.58,5.42,58,0
403,2002-06-18,C,8.42,0,263.78,4.41,155,0
404,2013-06-03,M,38.81,0,428.71,2.85,147,1
405,2001-10-03,C,2.26,0,600.66,5.25,65,0
406,2019-07-06,C,14.3,0,766.39,-0.93,141,1
407,2017-01-08,X,99.09,2,562.39,8.54,147,2
408,2004-05-13,M,39.9,1,525.44,2.91,11,1
409,2003-12-02,C,19.46,2,413.34,12.2,131,0
410,2010-02-06,C,24.14,1,565.44,11.95,68,1
411,2003-03-29,X,79.71,2,532.75,10.45,29,2
412,2008-04-05,C,19.87,1,442.23,21.08,169,0
413,2007-09-08,C,11.15,1,543.08,4.04,19,0
414,2016-07-04,M,69.16,1,417.36,5.84,63,1
415,2019-04-21,C,4.34,1,465.25,-0.73,72,0
416,2007-09-16,C,27.12,1,254.84,4.22,96,0
417,2001-02-18,C,2.46,0,168.77,13.82,15,0
418,2007-10-22,M,58.52,2,443.6,9.57,62,1
419,2005-06-18,C,9.63,1,534.41,9.36,161,0
420,2000-08-07,M,32.15,1,367.13,10.67,89,0
421,2015-04-29,C,18.25,1,500.31,13.49,15,0
422,2006-12-28,X,93.26,3,579.99,7.58,104,2
423,2013-09-19,C,7.5,1,545.38,7.21,167,0
424,2017-11-02,X,86.79,0,501.16,16.59,166,2
425,2012-10-01,M,52.6,1,447.33,11.37,60,1
426,2002-03-14,C,21.57,1,607.23,12.78,98,1
427,2011-03-22,M,34.94,0,468.32,12.27,65,1
428,2019-05-14,X,98.28,3,386.52,1.7,67,2
429,2008-05-28,M,46.78,1,478.27,7.87,134,1
430,2013-09-22,C,14.39,1,384.8,6.1,95,0
431,2010-11-14,C,24.49,0,526.99,10.35,126,1
432,2005-05-17,C,4.54,2,558.97,15.87,158,0
433,2005-07-02,C,3.22,0,554.96,4.37,72,0
434,2014-12-22,C,22.85,1,746.49,11.64,67,1
435,2008-01-01,C,8.42,0,271.4,7.27,14,0
436,2008-08-05,M,56.74,2,481.41,11.19,147,1
437,2014-01-21,M,32.91,1,278.04,9.1,34,0
438,2010-09-11,M,42.06,1,429.25,14.4,130,1
439,2005-05-10,C,9.18,0,459.28,4.46,30,0
440,2017-04-14,M,46.54,2,490.1,4.8,18,1
441,2002-07-11,C,28.86,1,484.4,4.33,74,1
442,2011-01-07,M,61.59,2,401.84,12.93,43,1
443,2024-06-17,M,65.07,1,664.58,8.48,172,2
444,2016-10-24,X,83.63,1,490.08,15.03,43,2
445,2006-12-09,C,21.56,1,544.29,12.29,16,0
446,2003-04-24,M,32.49,0,500.61,13.33,159,1
447,2009-05-23,M,33.45,2,353.79,5.47,112,0
448,2013-10-27,C,13.37,0,460.67,11.73,175,0
449,2006-07-05,M,41.47,1,377.33,12.16,149,1
450,2003-05-04,M,32.79,2,532.12,3.19,158,1
451,2017-05-22,X,74.64,3,559.07,13.28,161,2
452,2001-10-01,C,18.13,0,508.71,17.65,114,0
453,2018-03-27,C,24.61,0,558.04,19.9,69,0
454,2023-06-28,C,19.72,1,559.13,7.66,86,0
455,2019-07-17,C,21.25,0,559.69,16.71,173,1
456,2009-04-25,C,18.57,0,648.3,9.18,71,0
457,2020-09-16,M,49.08,0,405.37,11.82,85,1
458,2000-10-07,X,99.15,3,496.58,11.85,144,2
459,2007-12-27,C,9.41,3,497.56,6.63,75,0
460,2001-12-24,M,59.01,2,529.87,15.79,27,1
461,2002-11-14,C,23.09,1,406.5,25.55,91,0
462,2024-06-09,M,47.42,2,599.69,-2.08,165,1
463,2006-05-11,M,68.44,2,556.73,17.17,30,1
464,2018-10-25,X,96.2,4,606.85,6.35,123,2
465,2004-06-18,M,43.9,1,470.55,18.5,9,1
466,2007-05-19,C,22.92,1,579.75,17.21,80,1
467,2010-09-04,C,8.9,0,472.66,6.06,160,0
468,2023-04-25,C,22.44,1,410.88,13.13,76,0
469,2019-09-24,C,22.16,1,370.11,6.83,127,0
470,2016-12-21,C,26.8,1,511.61,8.93,63,0
471,2022-05-29,C,19.83,1,572.39,11.77,116,1
472,2003-07-30,X,97.64,1,438.1,13.97,174,2
473,2018-01-01,M,67.04,1,355.55,13.23,12,1
474,2015-05-22,C,10.06,0,266.11,17.86,179,0
475,2011-02-28,C,21.16,0,452.06,6.12,47,0
476,2004-04-18,X,80.92,2,523.62,10.62,147,2
477,2009-09-24,C,12.52,0,477.37,3.67,153,0
478,2013-07-12,C,15.66,1,458.28,16.62,6,0
479,2016-12-29,M,56.0,1,705.59,0.98,92,1
480,2005-10-29,X,83.61,4,571.51,12.88,119,2
481,2012-04-11,M,46.51,1,560.98,8.49,89,1
482,2023-03-14,M,67.56,3,674.82,9.92,23,2
483,2016-01-24,M,59.78,2,432.84,5.9,177,1
484,2017-07-24,C,27.45,2,435.34,15.4,171,1
485,2017-02-03,C,18.75,0,493.19,15.82,40,0
486,2020-04-12,M,45.55,0,667.06,5.79,160,1
487,2023-12-14,C,9.71,0,547.35,15.04,46,0
488,2010-06-16,M,61.16,0,595.36,6.17,60,1
489,2012-10-23,C,29.53,1,464.48,13.96,142,1
490,2006-01-27,C,9.91,0,285.14,10.84,156,0
491,2004-03-17,C,18.53,1,469.78,8.34,10,0
492,2020-02-04,M,47.16,1,504.84,9.0,116,1
493,2023-06-11,M,53.09,2,615.98,5.85,49,1
494,2012-08-11,X,86.99,2,567.03,2.76,36,2
495,2001-04-21,M,68.35,2,513.19,12.57,122,1
496,2024-06-16,C,5.95,0,393.68,13.34,112,0
497,2015-10-24,C,8.55,0,475.41,2.74,41,0
498,2019-12-05,C,14.13,2,650.81,18.03,34,0
499,2006-05-01,C,13.18,1,562.3,8.69,141,0
500,2005-06-30,M,39.35,0,360.39,3.45,110,1
501,2004-05-12,C,21.06,1,429.2,4.81,178,0
502,2024-07-01,M,62.86,1,518.26,11.11,65,1
503,2001-08-20,C,14.28,0,453.35,4.64,172,0
504,2020-08-10,C,23.11,1,516.32,8.18,70,0
505,2002-08-29,C,15.27,2,532.99,16.56,113,0
506,2013-11-02,C,25.95,1,540.67,5.99,8,0
507,2010-12-10,C,4.79,0,382.84,14.63,112,0
508,2023-05-06,C,27.81,1,678.81,10.49,120,1
509,2009-12-12,C,19.56,2,621.17,0.8,14,0
510,2010-02-09,C,21.97,1,606.86,11.81,19,0
511,2005-07-15,M,58.2,0,373.52,14.59,87,1
512,2024-02-29,X,84.92,0,497.85,-3.08,76,2
513,2007-12-29,M,40.93,1,482.15,16.15,121,1
514,2005-09-27,C,25.46,0,622.38,13.77,73,1
515,2012-11-21,M,60.49,2,495.49,12.07,154,1
516,2021-10-20,C,2.04,1,542.9,7.64,42,0
517,2024-01-04,C,15.93,1,587.18,9.06,146,0
518,2011-01-12,C,3.34,0,468.32,18.61,99,0
519,2022-03-15,M,62.54,2,458.35,10.81,148,1
520,2011-07-30,M,39.5,0,454.99,15.23,133,1
521,2022-04-07,C,3.84,0,284.66,11.56,47,0
522,2023-03-27,C,9.1,0,533.36,9.71,74,0
523,2012-08-12,C,10.63,3,621.26,7.89,73,0
524,2004-08-10,M,69.19,2,410.42,7.0,163,1
525,2011-07-20,M,47.88,0,564.76,11.23,7,1
526,2017-08-06,M,45.12,1,511.39,5.13,125,1
527,2020-12-08,X,72.95,1,486.14,13.6,72,1
528,2008-05-24,M,45.56,0,403.34,12.78,42,1
529,2018-07-17,C,28.01,1,283.62,7.17,146,0
530,2000-07-23,M,35.46,2,325.09,13.08,91,0
531,2001-05-13,C,15.66,0,547.28,-2.94,64,0
532,2014-04-08,C,17.87,2,545.44,13.44,137,0
533,2012-11-17,M,47.52,2,600.69,13.06,46,1
534,2018-08-01,C,28.18,1,524.52,8.27,10,0
535,2008-11-05,M,57.38,1,480.99,9.18,31,1
536,2010-12-12,M,65.57,1,477.67,-0.7,45,1
537,2003-07-04,X,85.65,4,554.39,11.63,125,2
538,2001-09-17,C,4.31,0,239.52,9.12,139,0
539,2015-11-20,C,15.79,2,445.98,13.76,139,0
540,2011-10-13,X,94.92,2,460.12,8.2,15,2
541,2013-07-07,C,27.04,0,546.94,8.92,58,1
542,2016-05-19,M,50.42,2,534.26,5.98,147,1
543,2007-04-26,C,13.63,1,464.79,12.26,48,0
544,2000-06-25,C,23.25,1,448.4,4.13,178,0
545,2021-10-03,C,12.8,0,650.88,2.89,66,0
546,2017-02-24,X,94.2,3,456.22,7.65,90,2
547,2012-04-11,C,18.19,0,434.74,3.94,85,0
548,2014-05-26,X,92.8,3,417.73,22.33,18,2
549,2005-10-22,C,11.06,1,495.06,14.31,152,0
550,2019-12-19,M,65.63,2,535.89,20.77,12,1
551,2000-01-29,C,25.88,0,456.5,17.57,54,0
552,2011-08-10,M,31.37,2,680.13,8.96,88,1
553,2023-08-29,X,82.58,1,414.22,2.72,59,1
554,2002-08-07,C,3.54,1,575.85,8.92,162,0
555,2016-01-27,M,63.21,2,481.51,7.32,173,1
556,2014-11-07,C,27.17,1,430.73,-1.0,160,1
557,2006-06-04,M,38.5,2,466.47,17.53,13,1
558,2011-09-14,M,68.8,2,438.04,7.63,6,1
559,2023-06-30,C,16.08,0,564.71,12.36,9,0
560,2012-09-28,C,21.24,2,492.33,1.52,120,0
561,2003-06-14,M,49.26,3,524.05,9.52,102,1
562,2002-01-25,M,32.21,1,488.89,5.17,78,1
563,2001-03-13,X,77.28,1,546.38,6.65,167,2
564,2000-09-02,C,13.57,1,616.74,7.65,21,0
565,2001-11-12,C,14.94,0,283.73,4.12,84,0
566,2021-08-21,C,12.0,1,475.54,4.6,133,0
567,2008-04-26,C,3.96,0,676.74,14.16,44,0
568,2011-12-14,X,87.79,2,580.73,8.51,14,2
569,2008-09-22,C,9.28,0,543.77,9.48,112,0
570,2019-10-13,M,38.06,0,353.03,5.82,133,1
571,2021-11-03,C,16.19,1,600.25,15.28,57,0
572,2017-05-31,M,59.37,2,616.3,6.58,105,1
573,2000-10-09,X,71.21,3,381.81,7.74,15,1
574,2002-03-26,M,56.85,1,498.13,2.63,70,1
575,2005-08-02,M,52.85,2,427.14,2.53,27,1
576,2023-07-24,C,1.5,0,393.0,18.04,38,0
577,2024-08-02,M,50.86,1,615.63,7.02,140,1
578,2002-02-08,C,27.05,0,393.97,5.34,163,0
579,2012-09-24,M,69.04,2,720.67,6.69,123,2
580,2022-10-22,X,99.93,4,472.95,13.93,5,2
581,2009-06-20,C,21.47,0,543.66,8.48,47,0
582,2009-01-08,M,63.87,2,559.67,8.4,32,1
583,2013-10-20,M,52.27,2,565.63,11.17,119,1
584,2004-01-16,C,25.57,2,553.02,21.58,16,0
585,2017-12-27,C,15.65,1,476.77,20.87,95,0
586,2009-02-04,C,27.49,1,407.3,7.16,136,0
587,2020-02-20,C,25.39,0,655.86,6.52,63,1
588,2015-10-26,C,29.93,2,410.31,13.41,104,0
589,2006-09-16,C,4.21,0,411.11,11.18,133,0
590,2009-09-11,C,13.86,0,631.02,8.58,32,0
591,2004-04-28,C,9.16,0,464.76,11.93,12,0
592,2021-12-31,X,95.27,0,570.28,16.1,142,2
593,2003-10-24,C,3.11,0,344.8,6.46,176,0
594,2023-02-04,M,48.58,2,623.48,1.18,84,1
595,2011-02-19,M,51.26,2,448.47,12.97,115,1
596,2023-05-17,M,42.46,1,403.02,16.56,58,1
597,2004-10-03,C,29.69,0,383.74,9.05,143,0
598,2021-12-03,C,12.87,0,624.21,9.2,111,0
599,2013-11-15,C,3.51,1,588.21,16.67,82,0
600,2000-05-22,M,54.04,1,667.88,7.85,154,1
601,2018-09-11,C,7.77,2,567.77,12.49,27,0
602,2003-03-07,C,6.53,0,523.83,11.6,148,0
603,2022-10-13,C,22.76,1,511.9,11.93,172,1
604,2023-12-07,C,9.05,3,510.28,14.09,93,0
605,2021-09-24,M,69.5,3,659.99,-2.54,119,2
606,2023-04-14,C,16.36,2,590.9,13.9,80,0
607,2001-05-30,X,99.81,2,526.11,14.86,31,2
608,2000-09-10,C,25.48,0,464.11,11.87,172,1
609,2002-06-20,M,39.5,1,537.43,10.58,7,1
610,2024-04-18,C,4.72,0,451.92,14.49,157,0
611,2002-02-28,C,6.33,0,646.41,10.77,84,0
612,2018-12-29,C,26.17,0,537.01,4.94,95,1
613,2009-12-18,C,6.62,0,484.68,9.27,37,0
614,2016-01-27,M,60.97,0,473.89,8.62,54,1
615,2017-09-20,M,45.34,0,496.7,17.46,41,1
616,2020-12-01,M,52.22,1,634.1,18.3,166,1
617,2010-10-05,C,29.94,1,360.31,3.04,148,0
618,2017-11-16,M,36.96,0,578.65,3.68,137,1
619,2013-12-12,X,71.85,1,365.59,16.62,141,1
620,2001-08-16,C,7.58,1,523.77,-0.15,50,0
621,2008-12-26,C,25.18,1,504.13,6.7,40,0
622,2007-01-03,M,61.28,1,670.27,9.52,49,1
623,2001-07-01,C,19.45,0,438.95,13.57,131,0
624,2006-09-01,M,40.69,1,460.84,6.63,163,1
625,2020-11-25,C,11.92,0,547.35,12.33,71,0
626,2008-12-24,C,8.71,0,518.29,7.08,92,0
627,2020-08-20,C,13.35,0,389.25,12.76,77,0
628,2020-07-23,M,36.3,0,447.24,10.71,137,1
629,2012-07-24,X,84.81,1,479.15,7.59,79,2
630,2020-07-28,M,60.98,3,532.66,9.39,126,1
631,2016-05-17,C,4.3,0,574.02,5.62,36,0
632,2003-05-01,M,50.81,2,607.07,10.43,88,1
633,2018-11-30,X,71.12,1,681.52,18.9,20,2
634,2000-12-24,M,60.3,2,557.58,20.79,112,1
635,2004-02-24,M,57.96,0,580.97,9.86,124,1
636,2022-12-22,M,50.25,0,483.7,18.78,41,1
637,2022-04-24,M,56.09,1,473.41,10.64,30,1
638,2011-04-13,C,13.62,2,509.34,15.69,174,0
639,2015-06-20,M,35.94,1,412.85,6.81,72,1
640,2014-09-16,C,11.82,2,512.23,2.84,153,0
641,2021-04-22,C,9.17,0,612.72,17.02,22,0
642,2005-11-29,C,27.41,3,356.82,7.04,70,0
643,2001-08-05,X,80.98,2,395.36,4.8,170,2
644,2000-12-17,C,1.48,0,413.58,16.08,38,0
645,2013-10-21,M,48.4,2,483.52,3.22,27,1
646,2004-02-21,C,24.2,0,466.98,16.38,99,0
647,2008-02-28,M,38.21,0,386.27,8.49,147,1
648,2022-07-20,X,71.76,2,477.02,7.44,18,1
649,2022-08-15,C,21.01,0,449.75,18.86,18,0
650,2001-03-13,M,46.16,2,574.76,15.5,14,1
651,2008-09-03,M,45.91,2,529.41,14.04,60,1
652,2022-04-04,C,7.3,0,396.53,9.83,11,0
653,2022-10-06,C,7.27,1,487.03,13.63,84,0
654,2003-04-29,C,11.5,1,474.38,19.65,110,0
655,2006-05-27,C,24.96,1,616.32,9.65,155,1
656,2013-01-13,X,83.42,3,512.98,10.08,178,2
657,2016-09-17,C,27.8,0,512.59,17.29,126,1
658,2007-12-31,C,8.87,0,469.14,13.51,162,0
659,2004-09-09,M,34.57,0,617.46,11.6,30,1
660,2020-11-08,M,42.53,0,612.87,5.99,82,1
661,2014-01-12,M,55.05,0,651.99,1.77,144,1
662,2023-03-24,C,5.92,0,453.86,10.06,80,0
663,2004-03-07,X,96.58,3,526.43,8.7,131,2
664,2003-11-17,M,61.07,1,439.87,17.95,40,1
665,2022-01-17,X,74.25,2,579.61,8.09,85,2
666,2017-01-02,M,52.23,1,471.58,9.91,150,1
667,2021-01-23,C,15.64,0,621.47,1.18,114,0
668,2019-02-16,C,13.3,0,654.4,-2.25,92,0
669,2012-02-28,C,19.11,1,452.59,7.81,50,0
670,2000-11-22,M,51.74,0,476.49,10.84,25,1
671,2011-09-23,C,12.08,0,543.69,7.42,108,0
672,2014-02-28,X,80.0,0,341.85,10.66,68,1
673,2007-05-22,C,2.55,1,388.73,9.38,85,0
674,2023-05-16,C,3.01,0,378.88,3.51,36,0
675,2003-07-09,C,20.33,2,434.0,7.87,75,0
676,2004-11-05,M,69.13,3,492.97,4.94,79,1
677,2022-08-05,C,26.55,1,470.39,17.21,51,0
678,2005-12-26,C,2.97,0,596.19,9.06,100,0
679,2010-06-24,C,18.7,0,356.15,5.32,27,0
680,2007-10-19,X,99.03,2,323.83,6.44,5,2
681,2017-12-29,C,22.92,0,487.63,9.4,12,0
682,2015-07-31,C,20.83,1,537.07,15.51,51,0
683,2022-03-07,C,20.01,0,564.79,16.54,177,1
684,2023-03-02,C,25.7,0,416.74,4.94,149,0
685,2014-08-18,C,23.14,0,396.12,12.51,72,0
686,2020-10-27,C,1.99,1,662.86,8.46,20,0
687,2007-03-27,C,1.55,1,612.21,5.0,16,0
688,2021-09-19,X,89.53,2,501.08,11.02,90,2
689,2016-01-30,C,10.56,0,428.3,8.9,66,0
690,2024-02-07,X,73.84,1,553.78,11.37,162,2
691,2024-05-27,C,20.19,0,552.81,11.54,137,0
692,2014-08-31,C,15.22,0,479.12,13.74,51,0
693,2000-08-02,M,58.96,1,529.42,10.91,70,1
694,2011-07-31,C,21.01,1,499.2,8.31,94,0
695,2009-08-08,C,16.93,0,583.74,10.44,7,0
696,2011-12-15,X,94.88,2,211.62,10.74,157,2
697,2018-04-13,M,36.67,1,473.37,12.78,25,1
698,2013-05-03,X,75.43,2,495.19,9.82,82,1
699,2001-11-29,M,39.54,0,491.26,4.04,112,1
700,2018-10-17,M,32.5,1,554.83,16.52,115,1
701,2001-09-03,X,81.25,1,479.56,3.69,15,1
702,2010-08-21,M,32.19,1,498.99,7.8,152,1
703,2009-09-25,X,94.22,3,589.63,8.16,56,2
704,2016-08-19,C,22.26,0,285.85,12.56,155,0
705,2005-11-25,X,85.86,3,642.97,3.64,92,2
706,2019-06-13,C,19.06,0,510.48,14.37,169,0
707,2023-08-05,M,48.85,2,728.03,7.13,101,1
708,2007-06-12,C,3.43,1,377.64,2.92,33,0
709,2019-10-06,M,61.84,2,455.93,5.67,103,1
710,2002-03-11,C,20.71,1,644.4,1.63,84,1
711,2013-08-27,M,44.68,1,328.14,6.79,132,1
712,2021-07-19,M,46.25,1,601.26,13.62,49,1
713,2016-06-24,X,88.01,3,627.82,14.24,18,2
714,2013-10-10,C,10.65,0,788.38,3.93,55,1
715,2000-09-10,X,76.08,2,498.35,14.71,64,1
716,2006-01-10,C,15.74,1,434.07,6.1,81,0
717,2010-08-14,M,47.33,2,470.88,12.09,119,1
718,2023-12-26,M,38.78,2,370.02,9.56,64,1
719,2001-02-12,M,31.17,2,325.83,12.13,138,0
720,2020-03-02,X,96.26,4,673.85,9.15,139,2
721,2014-04-30,C,16.12,0,506.87,11.87,114,0
722,2000-12-10,C,26.07,0,378.33,13.46,83,0
723,2006-04-16,M,54.68,2,492.7,15.12,138,1
724,2023-07-27,C,9.07,0,477.63,8.49,106,0
725,2004-12-12,M,39.15,0,554.02,8.62,120,1
726,2010-08-05,C,27.36,2,477.91,12.16,129,1
727,2012-05-25,C,8.1,0,589.78,0.44,110,0
728,2007-11-27,M,49.39,2,612.16,14.82,151,1
729,2007-04-11,M,51.98,3,456.71,6.17,94,1
730,2020-02-13,C,2.32,0,452.92,7.28,132,0
731,2008-09-14,M,48.51,1,689.47,6.3,89,1
732,2008-12-21,X,83.09,1,423.05,16.1,67,2
733,2014-08-01,C,2.47,1,467.51,11.14,133,0
734,2016-03-20,X,71.45,3,467.55,3.97,89,1
735,2022-08-04,M,52.45,1,492.77,-1.05,101,1
736,2000-05-12,X,98.29,2,465.03,4.4,24,2
737,2010-07-27,C,7.56,0,378.01,7.75,150,0
738,2009-07-11,C,8.33,0,382.3,3.81,108,0
739,2015-09-20,C,24.99,0,690.68,14.23,101,1
740,2000-09-29,C,28.8,0,685.77,9.81,35,1
741,2008-01-20,M,46.23,0,540.51,3.91,47,1
742,2023-12-15,X,71.26,1,555.99,10.58,100,1
743,2011-05-28,M,45.34,1,263.84,7.91,12,0
744,2016-04-15,C,25.17,1,353.5,10.22,100,0
745,2003-06-09,C,26.59,2,468.49,14.48,97,0
746,2013-07-22,C,18.05,0,452.61,13.59,164,0
747,2020-12-07,M,50.33,0,533.16,7.53,36,1
748,2012-05-06,M,55.44,0,474.46,8.88,24,1
749,2010-06-14,C,4.74,2,596.52,12.31,31,0
750,2022-01-28,M,53.02,2,489.59,9.08,164,1
751,2005-12-14,C,19.75,1,344.45,12.5,30,0
752,2002-07-04,C,24.58,0,570.98,12.82,86,1
753,2003-05-04,C,29.66,1,448.97,14.26,91,0
754,2005-10-24,M,69.21,0,446.91,14.8,118,1
755,2016-03-25,C,11.78,0,386.57,1.12,127,0
756,2004-12-31,C,26.02,1,568.91,4.74,125,1
757,2000-04-22,M,37.05,0,446.64,17.94,87,1
758,2018-01-26,C,8.0,3,504.63,10.54,58,0
759,2016-01-23,C,13.54,1,509.94,11.88,25,0
760,2014-04-19,X,97.88,2,396.99,8.36,137,2
761,2020-01-26,M,37.13,0,528.31,5.39,131,1
762,2005-10-24,X,72.65,2,326.17,3.1,149,1
763,2019-07-18,C,11.01,0,360.48,4.6,61,0
764,2017-11-02,M,67.98,0,541.57,2.11,11,1
765,2014-12-28,M,38.12,0,557.26,15.45,52,1
766,2009-05-06,M,56.47,3,509.27,12.97,10,1
767,2022-01-24,M,54.83,2,576.88,4.65,134,1
768,2022-01-06,C,20.84,1,537.84,18.58,32,0
769,2004-11-19,M,63.9,2,475.05,-1.83,51,1
770,2022-05-31,M,51.58,0,453.23,17.27,110,1
771,2024-04-29,M,62.52,2,540.59,13.67,112,1
772,2010-08-04,C,29.93,2,361.94,10.3,32,0
773,2009-03-02,C,5.98,0,477.73,4.69,124,0
774,2001-05-25,C,3.67,1,553.81,9.61,131,0
775,2002-12-09,M,67.73,1,530.89,11.12,83,1
776,2019-02-13,C,18.12,2,363.94,23.79,20,0
777,2016-10-12,X,73.37,2,656.76,11.52,121,2
778,2008-06-27,M,54.91,0,701.25,14.79,42,1
779,2008-02-10,M,32.24,1,635.88,7.94,118,1
780,2011-01-17,C,15.82,0,584.89,16.44,135,0
781,2017-04-25,C,18.44,0,364.01,20.97,170,0
782,2022-04-10,M,48.87,1,616.55,11.37,49,1
783,2023-08-07,C,29.67,0,627.1,10.34,70,1
784,2000-01-02,C,20.03,0,457.47,15.66,74,0
785,2020-01-05,C,13.0,3,477.96,9.96,170,0
786,2015-08-21,C,29.39,0,489.37,7.84,20,0
787,2018-04-02,X,94.32,2,452.66,5.56,53,2
788,2023-09-23,C,10.32,0,386.07,14.91,152,0
789,2010-09-21,C,11.01,1,503.43,15.07,69,0
790,2016-02-24,C,3.59,0,530.22,13.43,142,0
791,2021-03-25,M,55.72,2,535.17,12.95,45,1
792,2011-06-21,C,29.76,0,708.67,12.34,24,1
793,2019-02-01,C,11.89,0,550.01,6.19,101,0
794,2001-12-24,C,29.84,2,597.14,17.13,81,1
795,2014-06-23,C,20.71,1,580.18,4.8,136,1
796,2000-12-25,C,1.89,1,624.23,7.89,137,0
797,2005-07-16,C,15.61,1,758.59,14.46,49,1
798,2000-11-20,M,59.32,2,474.51,6.54,64,1
799,2016-02-06,X,87.79,2,494.93,16.95,77,2
800,2014-05-01,C,29.25,2,449.56,16.72,35,0
801,2018-08-31,M,39.98,0,528.71,6.22,168,1
802,2003-09-24,M,53.82,1,581.99,15.63,31,1
803,2013-11-17,C,22.64,0,421.25,10.84,105,0
804,2005-08-20,X,79.41,2,543.76,7.13,134,2
805,2022-05-16,X,87.61,2,394.04,11.16,173,2
806,2002-02-07,M,45.97,0,395.99,8.49,95,1
807,2003-05-26,C,20.63,0,567.04,12.85,134,1
808,2022-09-27,C,12.91,2,493.8,11.54,129,0
809,2003-09-14,M,36.94,0,389.37,13.93,165,1
810,2013-01-04,C,19.77,0,616.47,12.0,75,0
811,2011-10-02,C,6.35,1,537.58,7.93,30,0
812,2006-04-26,M,56.34,1,389.39,7.63,15,1
813,2023-08-12,C,3.82,0,505.91,3.69,73,0
814,2004-08-04,M,48.29,2,575.1,9.25,9,1
815,2016-09-09,C,1.72,0,388.29,11.8,16,0
816,2008-11-16,C,25.21,0,479.51,18.29,180,1
817,2016-04-08,M,49.63,1,537.4,12.98,115,1
818,2004-06-19,C,9.99,2,503.78,22.46,166,0
819,2011-09-22,C,19.34,2,506.59,16.17,110,0
820,2021-10-15,M,35.86,1,515.14,9.82,68,1
821,2003-10-29,C,5.32,0,341.93,7.06,16,0
822,2006-11-23,C,4.45,0,296.62,17.85,89,0
823,2005-02-04,M,37.76,3,642.55,6.22,151,1
824,2019-01-28,X,92.33,3,436.1,16.75,109,2
825,2021-12-06,X,81.74,1,534.33,10.69,74,2
826,2002-08-15,C,14.38,2,686.21,-1.35,12,0
827,2000-02-07,C,16.57,1,354.47,12.92,165,0
828,2017-10-28,C,1.61,0,547.69,17.75,122,0
829,2012-12-02,C,10.05,0,616.23,10.65,44,0
830,2015-11-14,C,1.05,0,659.64,16.17,103,0
831,2018-05-29,C,12.07,1,647.27,7.49,100,0
832,2005-12-31,C,5.96,1,563.48,13.3,91,0
833,2024-08-15,C,24.25,1,476.02,8.82,98,0
834,2013-03-12,M,57.56,1,584.66,7.7,17,1
835,2019-09-20,C,18.04,0,439.46,9.0,19,0
836,2004-05-17,C,4.24,0,394.46,14.29,122,0
837,2004-10-01,C,16.98,0,426.77,4.65,62,0
838,2008-06-02,C,17.37,1,452.57,13.45,24,0
839,2019-11-19,X,89.84,5,601.73,18.75,20,2
840,2018-02-14,C,28.34,1,573.57,8.07,25,1
841,2024-06-18,M,62.91,2,446.62,5.37,68,1
842,2024-04-12,C,10.9,1,500.41,7.61,83,0
843,2023-08-31,C,3.92,2,559.58,11.46,54,0
844,2017-05-08,C,10.96,0,516.88,11.12,90,0
845,2006-04-13,C,1.89,0,562.64,6.4,19,0
846,2022-11-28,C,6.22,0,337.79,14.31,30,0
847,2001-07-12,C,28.05,1,441.79,8.02,41,0
848,2005-06-19,M,48.42,3,629.1,8.96,127,1
849,2008-02-28,M,51.77,1,645.06,17.68,155,1
850,2018-11-18,C,22.8,0,666.88,5.64,18,1
851,2016-06-23,M,52.53,2,673.52,11.53,85,1
852,2006-10-27,M,62.1,1,436.52,18.53,143,1
853,2003-01-31,M,64.39,3,645.79,14.97,12,1
854,2013-09-20,M,37.49,1,342.83,14.15,90,1
855,2014-11-11,X,91.47,3,635.23,7.08,155,2
856,2002-09-26,X,98.72,3,520.0,4.86,111,2
857,2003-09-19,M,36.3,0,567.16,7.05,24,1
858,2014-12-08,M,64.58,1,618.15,9.36,62,1
859,2009-11-21,M,51.15,1,708.92,14.77,133,1
860,2012-03-20,C,20.64,1,573.22,9.83,63,0
861,2012-09-08,M,62.23,1,359.87,11.78,155,1
862,2009-05-05,M,48.55,2,535.36,6.46,28,1
863,2021-04-30,X,73.41,2,456.91,8.31,144,1
864,2014-02-09,C,21.88,0,476.52,18.88,92,0
865,2006-10-07,M,61.96,2,507.91,8.16,113,1
866,2006-06-29,M,51.47,0,365.21,13.53,71,1
867,2023-01-15,C,6.26,0,467.86,9.29,142,0
868,2008-03-05,C,25.46,0,288.08,12.62,131,0
869,2018-04-25,M,63.77,2,553.96,16.08,75,1
870,2017-10-28,C,25.01,0,463.74,9.24,111,0
871,2004-10-15,X,74.89,1,629.65,9.02,120,2
872,2024-03-12,C,14.88,0,369.99,8.09,144,0
873,2007-06-17,C,29.82,0,504.22,17.39,79,1
874,2011-02-03,C,22.95,1,558.73,10.63,164,1
875,2006-01-04,C,10.56,0,607.11,9.37,135,0
876,2009-11-03,C,17.44,1,539.54,4.07,64,0
877,2023-05-25,M,54.59,1,657.7,15.93,63,1
878,2003-11-05,C,6.42,0,539.44,2.44,17,0
879,2022-08-05,C,25.41,0,605.99,1.6,177,1
880,2014-09-25,M,54.24,2,656.04,17.99,86,1
881,2004-12-03,C,23.0,1,581.85,9.76,8,0
882,2011-08-09,C,27.04,0,479.05,5.19,143,1
883,2019-09-26,C,6.58,0,472.33,9.08,69,0
884,2010-12-29,C,1.05,0,406.21,10.04,14,0
885,2023-08-02,C,16.25,0,440.64,8.8,40,0
886,2005-12-06,X,80.73,1,430.59,13.16,143,2
887,2001-03-24,C,9.56,0,594.47,15.12,66,0
888,2014-12-22,M,57.71,1,389.73,19.26,5,1
889,2023-06-02,M,65.34,3,417.11,15.63,47,1
890,2009-03-31,M,38.66,1,649.48,6.84,12,1
891,2023-10-06,M,63.15,1,585.2,19.17,94,1
892,2018-02-10,M,49.45,1,392.32,11.55,83,1
893,2005-01-15,M,61.71,0,552.9,6.23,112,1
894,2019-06-06,C,27.7,0,484.72,6.24,45,0
895,2022-06-19,C,23.62,1,451.85,12.47,35,0
896,2023-11-04,M,47.93,0,461.85,10.13,156,1
897,2014-04-04,X,90.83,5,578.56,14.17,148,2
898,2009-12-07,X,91.1,2,540.02,8.53,62,2
899,2009-04-16,X,81.74,0,541.89,16.3,26,2
900,2000-06-17,C,10.74,0,568.06,9.68,140,0
901,2008-06-09,M,45.21,3,583.75,17.36,47,1
902,2015-05-01,C,29.84,3,584.26,11.86,15,1
903,2021-04-25,M,35.99,1,660.97,12.78,137,1
904,2000-11-11,M,40.34,0,442.88,4.78,179,1
905,2011-08-05,C,22.29,1,651.45,3.17,177,1
906,2017-10-22,M,46.58,1,442.87,2.55,174,1
907,2011-07-11,C,9.22,1,575.35,8.89,47,0
908,2024-06-11,X,88.65,2,348.66,11.61,76,2
909,2010-01-10,C,21.01,0,390.36,16.14,84,0
910,2023-01-28,M,40.21,3,357.28,5.16,98,1
911,2021-09-09,C,26.05,0,574.87,12.28,120,1
912,2003-04-09,C,25.75,1,374.72,6.58,162,0
913,2016-08-06,C,8.72,0,523.26,5.45,48,0
914,2024-06-20,M,56.95,1,464.24,12.25,7,1
915,2004-01-04,M,50.28,1,548.11,12.21,87,1
916,2015-03-30,C,7.26,0,483.86,6.15,7,0
917,2011-03-21,C,28.54,1,427.85,17.02,175,1
918,2015-06-11,X,97.08,3,628.6,12.3,98,2
919,2001-06-01,M,34.62,2,546.83,6.78,15,1
920,2019-07-03,M,32.18,1,584.8,-6.15,119,1
921,2022-11-21,X,91.77,2,519.05,5.58,163,2
922,2005-07-11,M,54.26,2,586.32,4.97,149,1
923,2000-06-28,M,64.74,2,341.31,16.31,95,1
924,2023-07-24,C,22.25,1,457.62,7.17,30,0
925,2006-05-26,M,33.72,2,391.21,15.08,64,0
926,2006-05-01,X,99.38,3,511.11,4.9,9,2
927,2012-02-24,C,5.14,0,373.45,6.04,140,0
928,2002-04-15,M,66.71,2,649.86,2.63,115,2
929,2004-07-21,C,25.26,0,609.75,8.14,142,1
930,2014-08-13,M,41.0,1,386.54,0.04,22,1
931,2011-03-06,M,47.9,3,459.66,14.39,70,1
932,2019-11-06,M,48.9,1,483.84,17.16,107,1
933,2005-07-27,M,55.82,1,616.7,8.28,87,1
934,2014-02-04,C,28.33,1,630.51,16.3,33,1
935,2002-01-02,M,64.97,0,610.85,16.26,156,1
936,2001-11-17,X,79.37,0,587.45,15.52,146,2
937,2004-11-07,C,4.07,0,312.61,14.27,98,0
938,2013-08-04,C,16.5,0,524.41,7.85,144,0
939,2018-11-05,C,14.18,1,452.38,7.38,7,0
940,2022-10-29,C,26.63,0,571.88,8.98,163,1
941,2023-02-03,X,92.39,1,567.92,3.67,82,2
942,2015-02-23,C,9.25,1,546.18,9.29,93,0
943,2010-05-07,C,20.2,0,182.87,13.81,122,0
944,2013-01-20,M,69.32,1,489.6,6.24,78,1
945,2013-11-27,M,39.24,2,556.35,2.52,58,1
946,2021-04-13,X,86.11,2,501.32,10.78,23,2
947,2006-12-25,C,8.73,0,410.9,8.09,118,0
948,2016-04-09,M,58.69,2,617.99,13.84,127,1
949,2004-09-30,M,44.17,0,452.25,5.76,163,1
950,2001-04-20,X,99.2,2,547.63,10.74,36,2
951,2001-05-09,C,11.72,0,534.29,2.84,114,0
952,2005-05-06,M,43.46,1,303.22,11.11,56,1
953,2002-12-25,M,63.61,3,647.27,14.34,164,2
954,2006-04-05,X,91.19,2,445.61,5.05,140,2
955,2016-03-29,C,8.4,1,662.2,9.81,160,0
956,2016-08-25,C,27.71,0,505.92,5.02,74,0
957,2020-08-29,M,64.96,1,533.36,17.26,113,1
958,2021-11-27,C,10.41,0,480.29,10.69,117,0
959,2002-02-26,C,24.28,0,547.37,5.0,138,1
960,2003-01-12,C,13.82,1,571.57,14.1,103,0
961,2016-11-11,M,53.32,4,646.21,10.38,38,1
962,2001-11-16,C,17.05,0,417.45,9.9,33,0
963,2007-04-21,M,42.98,1,409.26,10.22,48,1
964,2013-11-11,M,46.86,0,583.7,5.43,46,1
965,2005-10-03,C,19.98,1,494.43,5.78,154,0
966,2013-08-18,M,40.36,0,607.06,18.6,10,1
967,2001-08-27,X,90.1,2,562.31,8.48,95,2
968,2022-01-08,M,37.44,2,649.89,7.7,19,1
969,2024-07-07,C,3.7,3,701.69,17.34,103,0
970,2023-11-24,M,36.72,0,430.59,4.15,165,1
971,2010-12-15,C,1.52,1,712.77,8.84,150,0
972,2023-01-03,M,48.29,1,694.65,11.52,6,1
973,2016-03-02,C,21.53,1,512.91,11.19,120,0
974,2003-06-30,C,21.55,1,388.87,8.07,107,0
975,2018-10-13,C,26.75,0,617.99,8.36,114,1
976,2021-01-28,M,41.35,1,484.27,4.02,93,1
977,2000-06-01,X,79.96,1,434.05,8.75,59,1
978,2016-03-24,C,14.71,1,584.18,12.36,18,0
979,2003-12-07,C,20.15,0,513.77,19.85,90,0
980,2004-03-04,C,16.58,0,486.42,8.65,33,0
981,2020-02-13,X,71.05,1,304.35,17.19,142,1
982,2015-07-20,X,76.05,2,725.72,14.85,147,2
983,2014-11-27,M,49.17,0,480.22,13.53,40,1
984,2016-06-24,M,64.35,0,645.9,2.46,121,1
985,2013-07-16,X,80.97,2,404.07,9.23,53,1
986,2004-01-10,M,42.02,2,571.57,10.68,178,1
987,2016-08-30,M,68.39,2,646.07,8.61,53,2
988,2009-02-25,X,89.43,2,504.48,12.34,76,2
989,2008-10-14,M,48.91,0,415.13,12.89,39,1
990,2005-09-19,M,66.12,2,475.08,10.7,29,1
991,2022-08-18,X,88.96,3,524.51,12.78,93,2
992,2021-12-18,M,62.57,2,434.04,1.48,96,1
993,2018-12-18,M,55.6,2,566.47,8.83,165,1
994,2019-05-16,X,78.76,3,509.07,11.42,65,2
995,2006-11-08,M,33.59,0,533.03,7.38,72,1
996,2002-10-27,M,51.77,2,487.23,10.79,146,1
997,2011-02-16,C,20.18,1,552.23,0.44,29,0
998,2014-11-03,M,46.29,1,429.57,9.21,24,1
999,2000-11-15,M,45.31,1,420.46,15.32,20,1
1000,2024-06-23,M,33.08,0,510.58,9.31,76,1
